{"accuracy": 0.9107023411371238, "precision": 0.9107909351114635, "recall": 0.9107023411371238, "f1_score": 0.910701711864725}